{
  "hash": "1c480082",
  "configHash": "d0615f6a",
  "lockfileHash": "2c31054d",
  "browserHash": "d2c991a2",
  "optimized": {
    "@angular/common": {
      "src": "../../../../../../node_modules/@angular/common/fesm2022/common.mjs",
      "file": "@angular_common.js",
      "fileHash": "690af990",
      "needsInterop": false
    },
    "@angular/core": {
      "src": "../../../../../../node_modules/@angular/core/fesm2022/core.mjs",
      "file": "@angular_core.js",
      "fileHash": "8d8124ad",
      "needsInterop": false
    },
    "@angular/forms": {
      "src": "../../../../../../node_modules/@angular/forms/fesm2022/forms.mjs",
      "file": "@angular_forms.js",
      "fileHash": "9b9fe470",
      "needsInterop": false
    },
    "@angular/platform-browser": {
      "src": "../../../../../../node_modules/@angular/platform-browser/fesm2022/platform-browser.mjs",
      "file": "@angular_platform-browser.js",
      "fileHash": "5f03faf5",
      "needsInterop": false
    },
    "@angular/router": {
      "src": "../../../../../../node_modules/@angular/router/fesm2022/router.mjs",
      "file": "@angular_router.js",
      "fileHash": "4a97513f",
      "needsInterop": false
    },
    "@ionic/angular": {
      "src": "../../../../../../node_modules/@ionic/angular/fesm2022/ionic-angular.mjs",
      "file": "@ionic_angular.js",
      "fileHash": "54471eb9",
      "needsInterop": false
    },
    "@ionic/angular/standalone": {
      "src": "../../../../../../node_modules/@ionic/angular/fesm2022/ionic-angular-standalone.mjs",
      "file": "@ionic_angular_standalone.js",
      "fileHash": "10653409",
      "needsInterop": false
    },
    "ionicons": {
      "src": "../../../../../../node_modules/ionicons/dist/index.js",
      "file": "ionicons.js",
      "fileHash": "5796acd1",
      "needsInterop": false
    },
    "ionicons/icons": {
      "src": "../../../../../../node_modules/ionicons/icons/index.mjs",
      "file": "ionicons_icons.js",
      "fileHash": "8838da15",
      "needsInterop": false
    },
    "zone.js": {
      "src": "../../../../../../node_modules/zone.js/fesm2015/zone.js",
      "file": "zone__js.js",
      "fileHash": "6d2e2654",
      "needsInterop": true
    }
  },
  "chunks": {
    "input-shims-SXSUKIYA": {
      "file": "input-shims-SXSUKIYA.js"
    },
    "focus-visible-XBL42XGV": {
      "file": "focus-visible-XBL42XGV.js"
    },
    "ion-text.entry-MG42PN43": {
      "file": "ion-text__entry-MG42PN43.js"
    },
    "ion-textarea.entry-L3DIVE52": {
      "file": "ion-textarea__entry-L3DIVE52.js"
    },
    "ion-toast.entry-KX5RZKHW": {
      "file": "ion-toast__entry-KX5RZKHW.js"
    },
    "ion-toggle.entry-VIMOLBPF": {
      "file": "ion-toggle__entry-VIMOLBPF.js"
    },
    "swipe-back-FYHOR2D6": {
      "file": "swipe-back-FYHOR2D6.js"
    },
    "keyboard-DJSYFZAF": {
      "file": "keyboard-DJSYFZAF.js"
    },
    "index7-C37DZI6N": {
      "file": "index7-C37DZI6N.js"
    },
    "status-tap-GMHL4MGD": {
      "file": "status-tap-GMHL4MGD.js"
    },
    "ion-segment-view.entry-JT73RMX5": {
      "file": "ion-segment-view__entry-JT73RMX5.js"
    },
    "ion-segment_2.entry-HHU6LT7P": {
      "file": "ion-segment_2__entry-HHU6LT7P.js"
    },
    "ion-select-modal.entry-KVBMCRRE": {
      "file": "ion-select-modal__entry-KVBMCRRE.js"
    },
    "ion-select_3.entry-KZFWQDX2": {
      "file": "ion-select_3__entry-KZFWQDX2.js"
    },
    "ion-spinner.entry-TI64IRR6": {
      "file": "ion-spinner__entry-TI64IRR6.js"
    },
    "ion-split-pane.entry-YYSUXUGK": {
      "file": "ion-split-pane__entry-YYSUXUGK.js"
    },
    "ion-tab-bar_2.entry-5XBDY6WR": {
      "file": "ion-tab-bar_2__entry-5XBDY6WR.js"
    },
    "ion-tab_2.entry-KZRMHF3C": {
      "file": "ion-tab_2__entry-KZRMHF3C.js"
    },
    "ion-radio_2.entry-ZQJJ27P5": {
      "file": "ion-radio_2__entry-ZQJJ27P5.js"
    },
    "chunk-4YTI4ER5": {
      "file": "chunk-4YTI4ER5.js"
    },
    "ion-range.entry-YO6Z5M5N": {
      "file": "ion-range__entry-YO6Z5M5N.js"
    },
    "ion-refresher_2.entry-R7GWCYYG": {
      "file": "ion-refresher_2__entry-R7GWCYYG.js"
    },
    "chunk-EKTWLTWC": {
      "file": "chunk-EKTWLTWC.js"
    },
    "ion-reorder_2.entry-CUP7M2CN": {
      "file": "ion-reorder_2__entry-CUP7M2CN.js"
    },
    "ion-ripple-effect.entry-PJDLEVKW": {
      "file": "ion-ripple-effect__entry-PJDLEVKW.js"
    },
    "ion-route_4.entry-2LRK7Q73": {
      "file": "ion-route_4__entry-2LRK7Q73.js"
    },
    "ion-searchbar.entry-6R2WK66D": {
      "file": "ion-searchbar__entry-6R2WK66D.js"
    },
    "ion-segment-content.entry-76JLSIBK": {
      "file": "ion-segment-content__entry-76JLSIBK.js"
    },
    "ion-menu_3.entry-CA2ZU54B": {
      "file": "ion-menu_3__entry-CA2ZU54B.js"
    },
    "ion-modal.entry-34K6J7RX": {
      "file": "ion-modal__entry-34K6J7RX.js"
    },
    "ion-nav_2.entry-JFNLYG5D": {
      "file": "ion-nav_2__entry-JFNLYG5D.js"
    },
    "ion-picker-column-option.entry-I2M5G66Z": {
      "file": "ion-picker-column-option__entry-I2M5G66Z.js"
    },
    "ion-picker-column.entry-7USM6CHC": {
      "file": "ion-picker-column__entry-7USM6CHC.js"
    },
    "ion-picker.entry-TGEXFZ5D": {
      "file": "ion-picker__entry-TGEXFZ5D.js"
    },
    "ion-popover.entry-WQFJVTUM": {
      "file": "ion-popover__entry-WQFJVTUM.js"
    },
    "ion-progress-bar.entry-WW563XE5": {
      "file": "ion-progress-bar__entry-WW563XE5.js"
    },
    "ion-img.entry-FK33Q6UX": {
      "file": "ion-img__entry-FK33Q6UX.js"
    },
    "ion-infinite-scroll_2.entry-4SC6M7WS": {
      "file": "ion-infinite-scroll_2__entry-4SC6M7WS.js"
    },
    "ion-input-otp.entry-LEI2TJMG": {
      "file": "ion-input-otp__entry-LEI2TJMG.js"
    },
    "ion-input-password-toggle.entry-GAP247B2": {
      "file": "ion-input-password-toggle__entry-GAP247B2.js"
    },
    "ion-input.entry-E6GGKDQI": {
      "file": "ion-input__entry-E6GGKDQI.js"
    },
    "chunk-4YI5TPRA": {
      "file": "chunk-4YI5TPRA.js"
    },
    "chunk-OUQW2ZQO": {
      "file": "chunk-OUQW2ZQO.js"
    },
    "ion-item-option_3.entry-ZLJICLKD": {
      "file": "ion-item-option_3__entry-ZLJICLKD.js"
    },
    "chunk-BW7P24PA": {
      "file": "chunk-BW7P24PA.js"
    },
    "ion-item_8.entry-M5A7XOO6": {
      "file": "ion-item_8__entry-M5A7XOO6.js"
    },
    "ion-loading.entry-IHEQMTU5": {
      "file": "ion-loading__entry-IHEQMTU5.js"
    },
    "ion-button_2.entry-L2I5DHCH": {
      "file": "ion-button_2__entry-L2I5DHCH.js"
    },
    "ion-card_5.entry-RQVOM24L": {
      "file": "ion-card_5__entry-RQVOM24L.js"
    },
    "ion-checkbox.entry-UH2EO56Q": {
      "file": "ion-checkbox__entry-UH2EO56Q.js"
    },
    "ion-chip.entry-CDPQTRJV": {
      "file": "ion-chip__entry-CDPQTRJV.js"
    },
    "ion-col_3.entry-LB6KOFJP": {
      "file": "ion-col_3__entry-LB6KOFJP.js"
    },
    "ion-datetime-button.entry-4J2HPQF6": {
      "file": "ion-datetime-button__entry-4J2HPQF6.js"
    },
    "ion-datetime_3.entry-S4LWFOHT": {
      "file": "ion-datetime_3__entry-S4LWFOHT.js"
    },
    "chunk-F6AY6W4Q": {
      "file": "chunk-F6AY6W4Q.js"
    },
    "ion-fab_3.entry-M6JH3SW7": {
      "file": "ion-fab_3__entry-M6JH3SW7.js"
    },
    "keyboard-ywgs5efA-XYMYC7T4": {
      "file": "keyboard-ywgs5efA-XYMYC7T4.js"
    },
    "chunk-QGLHSLIO": {
      "file": "chunk-QGLHSLIO.js"
    },
    "focus-visible-BmVRXR1y-ZTBN6E5W": {
      "file": "focus-visible-BmVRXR1y-ZTBN6E5W.js"
    },
    "chunk-QRN5AHKQ": {
      "file": "chunk-QRN5AHKQ.js"
    },
    "swipe-back-BKw2CAHc-HPJOAFU7": {
      "file": "swipe-back-BKw2CAHc-HPJOAFU7.js"
    },
    "ion-app_8.entry-DLNMH2IC": {
      "file": "ion-app_8__entry-DLNMH2IC.js"
    },
    "chunk-ACTGXBFA": {
      "file": "chunk-ACTGXBFA.js"
    },
    "chunk-5NKZUR6M": {
      "file": "chunk-5NKZUR6M.js"
    },
    "ion-avatar_3.entry-UB2O3TAO": {
      "file": "ion-avatar_3__entry-UB2O3TAO.js"
    },
    "ion-back-button.entry-EUZWI64U": {
      "file": "ion-back-button__entry-EUZWI64U.js"
    },
    "ion-backdrop.entry-FK7P56FU": {
      "file": "ion-backdrop__entry-FK7P56FU.js"
    },
    "ion-breadcrumb_2.entry-O5GHZRAF": {
      "file": "ion-breadcrumb_2__entry-O5GHZRAF.js"
    },
    "hardware-back-button-CPLxO-Ev-4EWZIVWQ": {
      "file": "hardware-back-button-CPLxO-Ev-4EWZIVWQ.js"
    },
    "ion-action-sheet.entry-URWBO6YC": {
      "file": "ion-action-sheet__entry-URWBO6YC.js"
    },
    "ion-alert.entry-OZ54AKYI": {
      "file": "ion-alert__entry-OZ54AKYI.js"
    },
    "chunk-H4ZYH6NO": {
      "file": "chunk-H4ZYH6NO.js"
    },
    "chunk-32GL4UXS": {
      "file": "chunk-32GL4UXS.js"
    },
    "chunk-V3DEFQ3K": {
      "file": "chunk-V3DEFQ3K.js"
    },
    "ios.transition-BDzw0_Hm-YH3ZHNL6": {
      "file": "ios__transition-BDzw0_Hm-YH3ZHNL6.js"
    },
    "md.transition-BzDYi3qq-DVRBPSHE": {
      "file": "md__transition-BzDYi3qq-DVRBPSHE.js"
    },
    "index-ceb5RaMT-2VPVDJS6": {
      "file": "index-ceb5RaMT-2VPVDJS6.js"
    },
    "status-tap-5DQ7Fc4V-C7OAP74C": {
      "file": "status-tap-5DQ7Fc4V-C7OAP74C.js"
    },
    "input-shims-DyOpfTg6-5M3MP2UO": {
      "file": "input-shims-DyOpfTg6-5M3MP2UO.js"
    },
    "chunk-UDOB7BMP": {
      "file": "chunk-UDOB7BMP.js"
    },
    "chunk-KH3VUFSP": {
      "file": "chunk-KH3VUFSP.js"
    },
    "chunk-B77F24MX": {
      "file": "chunk-B77F24MX.js"
    },
    "ios.transition-AT4NQHET": {
      "file": "ios__transition-AT4NQHET.js"
    },
    "md.transition-OLAC2OLB": {
      "file": "md__transition-OLAC2OLB.js"
    },
    "index3-WDJJIG5O": {
      "file": "index3-WDJJIG5O.js"
    },
    "hardware-back-button-ONRIE2X4": {
      "file": "hardware-back-button-ONRIE2X4.js"
    },
    "ion-accordion_2.entry-TKPKIWBG": {
      "file": "ion-accordion_2__entry-TKPKIWBG.js"
    },
    "chunk-IUTD4BIB": {
      "file": "chunk-IUTD4BIB.js"
    },
    "index-CfgBF1SE-YQMITAOU": {
      "file": "index-CfgBF1SE-YQMITAOU.js"
    },
    "chunk-KA45G66Q": {
      "file": "chunk-KA45G66Q.js"
    },
    "chunk-34QX6F67": {
      "file": "chunk-34QX6F67.js"
    },
    "chunk-DLO4VI6I": {
      "file": "chunk-DLO4VI6I.js"
    },
    "chunk-6PWPA3DT": {
      "file": "chunk-6PWPA3DT.js"
    },
    "chunk-AVKC4LUY": {
      "file": "chunk-AVKC4LUY.js"
    },
    "chunk-YHTFT7Q3": {
      "file": "chunk-YHTFT7Q3.js"
    },
    "chunk-AEVV76GG": {
      "file": "chunk-AEVV76GG.js"
    },
    "chunk-J4EVFYM7": {
      "file": "chunk-J4EVFYM7.js"
    },
    "chunk-IJF62STL": {
      "file": "chunk-IJF62STL.js"
    },
    "chunk-BXSF5TNT": {
      "file": "chunk-BXSF5TNT.js"
    },
    "chunk-PUXKK55T": {
      "file": "chunk-PUXKK55T.js"
    },
    "chunk-LCMILTBF": {
      "file": "chunk-LCMILTBF.js"
    },
    "chunk-GTCMUPY2": {
      "file": "chunk-GTCMUPY2.js"
    },
    "chunk-YEG7QYIJ": {
      "file": "chunk-YEG7QYIJ.js"
    },
    "chunk-NCWTHCE2": {
      "file": "chunk-NCWTHCE2.js"
    },
    "chunk-Z3OEOVFM": {
      "file": "chunk-Z3OEOVFM.js"
    },
    "chunk-QA2SYHF5": {
      "file": "chunk-QA2SYHF5.js"
    },
    "chunk-L6ISKHKK": {
      "file": "chunk-L6ISKHKK.js"
    },
    "chunk-IUXA2G6D": {
      "file": "chunk-IUXA2G6D.js"
    },
    "chunk-G5UZVNUA": {
      "file": "chunk-G5UZVNUA.js"
    },
    "chunk-IKS2SDKY": {
      "file": "chunk-IKS2SDKY.js"
    },
    "chunk-D6MKN2U2": {
      "file": "chunk-D6MKN2U2.js"
    },
    "chunk-M2S3P7Q7": {
      "file": "chunk-M2S3P7Q7.js"
    },
    "chunk-EY4GHBHI": {
      "file": "chunk-EY4GHBHI.js"
    },
    "chunk-U4T76FHW": {
      "file": "chunk-U4T76FHW.js"
    },
    "chunk-E2XECQYY": {
      "file": "chunk-E2XECQYY.js"
    },
    "chunk-PMTKRSGE": {
      "file": "chunk-PMTKRSGE.js"
    },
    "chunk-4554YRK6": {
      "file": "chunk-4554YRK6.js"
    },
    "chunk-6U2AQA2C": {
      "file": "chunk-6U2AQA2C.js"
    },
    "chunk-EODYS5EQ": {
      "file": "chunk-EODYS5EQ.js"
    },
    "chunk-QEE7QVES": {
      "file": "chunk-QEE7QVES.js"
    },
    "chunk-2H3NLAAY": {
      "file": "chunk-2H3NLAAY.js"
    },
    "chunk-AYI4QG5E": {
      "file": "chunk-AYI4QG5E.js"
    },
    "chunk-HQFDOQLU": {
      "file": "chunk-HQFDOQLU.js"
    },
    "chunk-WYU42QKI": {
      "file": "chunk-WYU42QKI.js"
    },
    "chunk-QVE6GCD2": {
      "file": "chunk-QVE6GCD2.js"
    },
    "chunk-3H4WLGRC": {
      "file": "chunk-3H4WLGRC.js"
    },
    "chunk-QHQP2P2Z": {
      "file": "chunk-QHQP2P2Z.js"
    }
  }
}